position,n_missense,n_unique_mutants,wt_residue,coverage_fraction,fully_covered
1,0,0,M,0.0,False
2,19,19,P,1.0,True
3,19,19,V,1.0,True
4,19,19,R,1.0,True
5,19,19,R,1.0,True
6,19,19,G,1.0,True
7,19,19,H,1.0,True
8,19,19,V,1.0,True
9,19,19,A,1.0,True
10,19,19,P,1.0,True
11,19,19,Q,1.0,True
12,19,19,N,1.0,True
13,19,19,T,1.0,True
14,19,19,F,1.0,True
15,19,19,L,1.0,True
16,19,19,D,1.0,True
17,19,19,T,1.0,True
18,19,19,I,1.0,True
19,19,19,I,1.0,True
20,19,19,R,1.0,True
21,19,19,K,1.0,True
22,19,19,F,1.0,True
23,19,19,E,1.0,True
24,19,19,G,1.0,True
25,19,19,Q,1.0,True
26,19,19,S,1.0,True
27,19,19,R,1.0,True
28,19,19,K,1.0,True
29,19,19,F,1.0,True
30,19,19,I,1.0,True
31,19,19,I,1.0,True
32,19,19,A,1.0,True
33,19,19,N,1.0,True
34,19,19,A,1.0,True
35,19,19,R,1.0,True
36,19,19,V,1.0,True
37,19,19,E,1.0,True
38,19,19,N,1.0,True
39,19,19,C,1.0,True
40,19,19,A,1.0,True
41,19,19,V,1.0,True
42,19,19,I,1.0,True
43,19,19,Y,1.0,True
44,19,19,C,1.0,True
45,19,19,N,1.0,True
46,19,19,D,1.0,True
47,19,19,G,1.0,True
48,19,19,F,1.0,True
49,19,19,C,1.0,True
50,19,19,E,1.0,True
51,19,19,L,1.0,True
52,19,19,C,1.0,True
53,19,19,G,1.0,True
54,19,19,Y,1.0,True
55,19,19,S,1.0,True
56,19,19,R,1.0,True
57,19,19,A,1.0,True
58,19,19,E,1.0,True
59,19,19,V,1.0,True
60,19,19,M,1.0,True
61,19,19,Q,1.0,True
62,19,19,R,1.0,True
63,19,19,P,1.0,True
64,19,19,C,1.0,True
65,19,19,T,1.0,True
66,19,19,C,1.0,True
67,19,19,D,1.0,True
68,19,19,F,1.0,True
69,19,19,L,1.0,True
70,19,19,H,1.0,True
71,19,19,G,1.0,True
72,19,19,P,1.0,True
73,19,19,R,1.0,True
74,19,19,T,1.0,True
75,19,19,Q,1.0,True
76,19,19,R,1.0,True
77,19,19,R,1.0,True
78,19,19,A,1.0,True
79,19,19,A,1.0,True
80,19,19,A,1.0,True
81,19,19,Q,1.0,True
82,19,19,I,1.0,True
83,19,19,A,1.0,True
84,19,19,Q,1.0,True
85,18,18,A,0.9473684210526315,False
86,19,19,L,1.0,True
87,19,19,L,1.0,True
88,19,19,G,1.0,True
89,19,19,A,1.0,True
90,19,19,E,1.0,True
91,19,19,E,1.0,True
92,19,19,R,1.0,True
93,19,19,K,1.0,True
94,19,19,V,1.0,True
95,19,19,E,1.0,True
96,19,19,I,1.0,True
97,19,19,A,1.0,True
98,19,19,F,1.0,True
99,19,19,Y,1.0,True
100,19,19,R,1.0,True
101,19,19,K,1.0,True
102,19,19,D,1.0,True
103,19,19,G,1.0,True
104,19,19,S,1.0,True
105,19,19,C,1.0,True
106,19,19,F,1.0,True
107,19,19,L,1.0,True
108,19,19,C,1.0,True
109,15,15,L,0.7894736842105263,False
110,19,19,V,1.0,True
111,19,19,D,1.0,True
112,19,19,V,1.0,True
113,19,19,V,1.0,True
114,19,19,P,1.0,True
115,19,19,V,1.0,True
116,19,19,K,1.0,True
117,19,19,N,1.0,True
118,19,19,E,1.0,True
119,19,19,D,1.0,True
120,19,19,G,1.0,True
121,19,19,A,1.0,True
122,19,19,V,1.0,True
123,19,19,I,1.0,True
124,19,19,M,1.0,True
125,19,19,F,1.0,True
126,19,19,I,1.0,True
127,19,19,L,1.0,True
128,19,19,N,1.0,True
129,19,19,F,1.0,True
130,19,19,E,1.0,True
131,19,19,V,1.0,True
132,19,19,V,1.0,True
133,19,19,M,1.0,True
134,19,19,E,1.0,True
135,19,19,K,1.0,True
136,19,19,D,1.0,True
137,19,19,M,1.0,True
138,19,19,V,1.0,True
139,19,19,G,1.0,True
140,19,19,S,1.0,True
141,19,19,P,1.0,True
142,19,19,A,1.0,True
143,19,19,H,1.0,True
144,19,19,D,1.0,True
145,18,18,T,0.9473684210526315,False
146,19,19,N,1.0,True
147,15,15,H,0.7894736842105263,False
148,19,19,R,1.0,True
149,19,19,G,1.0,True
150,19,19,P,1.0,True
151,19,19,P,1.0,True
152,19,19,T,1.0,True
153,19,19,S,1.0,True
154,19,19,W,1.0,True
155,19,19,L,1.0,True
156,19,19,A,1.0,True
157,19,19,P,1.0,True
158,19,19,G,1.0,True
159,19,19,R,1.0,True
160,19,19,A,1.0,True
161,19,19,K,1.0,True
162,19,19,T,1.0,True
163,19,19,F,1.0,True
164,19,19,R,1.0,True
165,19,19,L,1.0,True
166,19,19,K,1.0,True
167,19,19,L,1.0,True
168,19,19,P,1.0,True
169,19,19,A,1.0,True
170,19,19,L,1.0,True
171,19,19,L,1.0,True
172,19,19,A,1.0,True
173,19,19,L,1.0,True
174,19,19,T,1.0,True
175,19,19,A,1.0,True
176,19,19,R,1.0,True
177,19,19,E,1.0,True
178,19,19,S,1.0,True
179,19,19,S,1.0,True
180,19,19,V,1.0,True
181,19,19,R,1.0,True
182,19,19,S,1.0,True
183,19,19,G,1.0,True
184,19,19,G,1.0,True
185,19,19,A,1.0,True
186,18,18,G,0.9473684210526315,False
187,19,19,G,1.0,True
188,19,19,A,1.0,True
189,14,14,G,0.7368421052631579,False
190,19,19,A,1.0,True
191,0,0,P,0.0,False
192,17,17,G,0.8947368421052632,False
193,19,19,A,1.0,True
194,19,19,V,1.0,True
195,19,19,V,1.0,True
196,19,19,V,1.0,True
197,19,19,D,1.0,True
198,19,19,V,1.0,True
199,19,19,D,1.0,True
200,19,19,L,1.0,True
201,19,19,T,1.0,True
202,19,19,P,1.0,True
203,19,19,A,1.0,True
204,18,18,A,0.9473684210526315,False
205,19,19,P,1.0,True
206,19,19,S,1.0,True
207,19,19,S,1.0,True
208,18,18,E,0.9473684210526315,False
209,19,19,S,1.0,True
210,19,19,L,1.0,True
211,19,19,A,1.0,True
212,19,19,L,1.0,True
213,19,19,D,1.0,True
214,19,19,E,1.0,True
215,19,19,V,1.0,True
216,19,19,T,1.0,True
217,19,19,A,1.0,True
218,19,19,M,1.0,True
219,19,19,D,1.0,True
220,19,19,N,1.0,True
221,19,19,H,1.0,True
222,19,19,V,1.0,True
223,19,19,A,1.0,True
224,19,19,G,1.0,True
225,19,19,L,1.0,True
226,19,19,G,1.0,True
227,19,19,P,1.0,True
228,19,19,A,1.0,True
229,0,0,E,0.0,False
230,19,19,E,1.0,True
231,0,0,R,0.0,False
232,0,0,R,0.0,False
233,0,0,A,0.0,False
234,0,0,L,0.0,False
235,0,0,V,0.0,False
236,19,19,G,1.0,True
237,19,19,P,1.0,True
238,17,17,G,0.8947368421052632,False
239,19,19,S,1.0,True
240,19,19,P,1.0,True
241,18,18,P,0.9473684210526315,False
242,18,18,R,0.9473684210526315,False
243,19,19,S,1.0,True
244,19,19,A,1.0,True
245,18,18,P,0.9473684210526315,False
246,19,19,G,1.0,True
247,19,19,Q,1.0,True
248,19,19,L,1.0,True
249,19,19,P,1.0,True
250,16,16,S,0.8421052631578947,False
251,18,18,P,0.9473684210526315,False
252,19,19,R,1.0,True
253,19,19,A,1.0,True
254,19,19,H,1.0,True
255,19,19,S,1.0,True
256,19,19,L,1.0,True
257,19,19,N,1.0,True
258,19,19,P,1.0,True
259,19,19,D,1.0,True
260,19,19,A,1.0,True
261,19,19,S,1.0,True
262,19,19,G,1.0,True
263,19,19,S,1.0,True
264,19,19,S,1.0,True
265,19,19,C,1.0,True
266,19,19,S,1.0,True
267,19,19,L,1.0,True
268,19,19,A,1.0,True
269,19,19,R,1.0,True
270,19,19,T,1.0,True
271,19,19,R,1.0,True
272,18,18,S,0.9473684210526315,False
273,19,19,R,1.0,True
274,19,19,E,1.0,True
275,17,17,S,0.8947368421052632,False
276,19,19,C,1.0,True
277,19,19,A,1.0,True
278,19,19,S,1.0,True
279,18,18,V,0.9473684210526315,False
280,19,19,R,1.0,True
281,17,17,R,0.8947368421052632,False
282,18,18,A,0.9473684210526315,False
283,19,19,S,1.0,True
284,18,18,S,0.9473684210526315,False
285,19,19,A,1.0,True
286,19,19,D,1.0,True
287,19,19,D,1.0,True
288,19,19,I,1.0,True
289,18,18,E,0.9473684210526315,False
290,16,16,A,0.8421052631578947,False
291,18,18,M,0.9473684210526315,False
292,18,18,R,0.9473684210526315,False
293,19,19,A,1.0,True
294,19,19,G,1.0,True
295,19,19,V,1.0,True
296,19,19,L,1.0,True
297,19,19,P,1.0,True
298,19,19,P,1.0,True
299,19,19,P,1.0,True
300,18,18,P,0.9473684210526315,False
301,19,19,R,1.0,True
302,19,19,H,1.0,True
303,19,19,A,1.0,True
304,19,19,S,1.0,True
305,19,19,T,1.0,True
306,19,19,G,1.0,True
307,19,19,A,1.0,True
308,19,19,M,1.0,True
309,19,19,H,1.0,True
310,19,19,P,1.0,True
311,18,18,L,0.9473684210526315,False
312,19,19,R,1.0,True
313,19,19,S,1.0,True
314,19,19,G,1.0,True
315,19,19,L,1.0,True
316,19,19,L,1.0,True
317,19,19,N,1.0,True
318,19,19,S,1.0,True
319,19,19,T,1.0,True
320,19,19,S,1.0,True
321,19,19,D,1.0,True
322,18,18,S,0.9473684210526315,False
323,19,19,D,1.0,True
324,19,19,L,1.0,True
325,19,19,V,1.0,True
326,19,19,R,1.0,True
327,19,19,Y,1.0,True
328,19,19,R,1.0,True
329,19,19,T,1.0,True
330,19,19,I,1.0,True
331,19,19,S,1.0,True
332,19,19,K,1.0,True
333,19,19,I,1.0,True
334,19,19,P,1.0,True
335,19,19,Q,1.0,True
336,19,19,I,1.0,True
337,19,19,T,1.0,True
338,19,19,L,1.0,True
339,19,19,N,1.0,True
340,19,19,F,1.0,True
341,18,18,V,0.9473684210526315,False
342,19,19,D,1.0,True
343,19,19,L,1.0,True
344,19,19,K,1.0,True
345,18,18,G,0.9473684210526315,False
346,19,19,D,1.0,True
347,19,19,P,1.0,True
348,19,19,F,1.0,True
349,18,18,L,0.9473684210526315,False
350,19,19,A,1.0,True
351,19,19,S,1.0,True
352,19,19,P,1.0,True
353,19,19,T,1.0,True
354,18,18,S,0.9473684210526315,False
355,19,19,D,1.0,True
356,19,19,R,1.0,True
357,19,19,E,1.0,True
358,19,19,I,1.0,True
359,19,19,I,1.0,True
360,15,15,A,0.7894736842105263,False
361,19,19,P,1.0,True
362,19,19,K,1.0,True
363,19,19,I,1.0,True
364,19,19,K,1.0,True
365,19,19,E,1.0,True
366,19,19,R,1.0,True
367,19,19,T,1.0,True
368,19,19,H,1.0,True
369,19,19,N,1.0,True
370,19,19,V,1.0,True
371,19,19,T,1.0,True
372,19,19,E,1.0,True
373,18,18,K,0.9473684210526315,False
374,18,18,V,0.9473684210526315,False
375,19,19,T,1.0,True
376,19,19,Q,1.0,True
377,19,19,V,1.0,True
378,19,19,L,1.0,True
379,19,19,S,1.0,True
380,18,18,L,0.9473684210526315,False
381,19,19,G,1.0,True
382,19,19,A,1.0,True
383,0,0,D,0.0,False
384,19,19,V,1.0,True
385,19,19,L,1.0,True
386,19,19,P,1.0,True
387,19,19,E,1.0,True
388,19,19,Y,1.0,True
389,19,19,K,1.0,True
390,19,19,L,1.0,True
391,19,19,Q,1.0,True
392,19,19,A,1.0,True
393,19,19,P,1.0,True
394,19,19,R,1.0,True
395,19,19,I,1.0,True
396,19,19,H,1.0,True
397,19,19,R,1.0,True
398,19,19,W,1.0,True
399,19,19,T,1.0,True
400,19,19,I,1.0,True
401,19,19,L,1.0,True
402,19,19,H,1.0,True
403,18,18,Y,0.9473684210526315,False
404,19,19,S,1.0,True
405,19,19,P,1.0,True
406,19,19,F,1.0,True
407,19,19,K,1.0,True
408,0,0,A,0.0,False
409,19,19,V,1.0,True
410,19,19,W,1.0,True
411,19,19,D,1.0,True
412,19,19,W,1.0,True
413,19,19,L,1.0,True
414,19,19,I,1.0,True
415,19,19,L,1.0,True
416,19,19,L,1.0,True
417,19,19,L,1.0,True
418,19,19,V,1.0,True
419,19,19,I,1.0,True
420,19,19,Y,1.0,True
421,19,19,T,1.0,True
422,19,19,A,1.0,True
423,19,19,V,1.0,True
424,19,19,F,1.0,True
425,19,19,T,1.0,True
426,19,19,P,1.0,True
427,19,19,Y,1.0,True
428,19,19,S,1.0,True
429,19,19,A,1.0,True
430,17,17,A,0.8947368421052632,False
431,18,18,F,0.9473684210526315,False
432,19,19,L,1.0,True
433,19,19,L,1.0,True
434,19,19,K,1.0,True
435,19,19,E,1.0,True
436,19,19,T,1.0,True
437,19,19,E,1.0,True
438,17,17,E,0.8947368421052632,False
439,19,19,G,1.0,True
440,19,19,P,1.0,True
441,18,18,P,0.9473684210526315,False
442,19,19,A,1.0,True
443,19,19,T,1.0,True
444,19,19,E,1.0,True
445,18,18,C,0.9473684210526315,False
446,19,19,G,1.0,True
447,19,19,Y,1.0,True
448,19,19,A,1.0,True
449,19,19,C,1.0,True
450,19,19,Q,1.0,True
451,19,19,P,1.0,True
452,17,17,L,0.8947368421052632,False
453,19,19,A,1.0,True
454,19,19,V,1.0,True
455,17,17,V,0.8947368421052632,False
456,19,19,D,1.0,True
457,19,19,L,1.0,True
458,19,19,I,1.0,True
459,18,18,V,0.9473684210526315,False
460,19,19,D,1.0,True
461,19,19,I,1.0,True
462,19,19,M,1.0,True
463,19,19,F,1.0,True
464,19,19,I,1.0,True
465,19,19,V,1.0,True
466,19,19,D,1.0,True
467,19,19,I,1.0,True
468,19,19,L,1.0,True
469,19,19,I,1.0,True
470,0,0,N,0.0,False
471,0,0,F,0.0,False
472,0,0,R,0.0,False
473,19,19,T,1.0,True
474,0,0,T,0.0,False
475,0,0,Y,0.0,False
476,0,0,V,0.0,False
477,19,19,N,1.0,True
478,19,19,A,1.0,True
479,19,19,N,1.0,True
480,19,19,E,1.0,True
481,19,19,E,1.0,True
482,19,19,V,1.0,True
483,19,19,V,1.0,True
484,19,19,S,1.0,True
485,19,19,H,1.0,True
486,19,19,P,1.0,True
487,19,19,G,1.0,True
488,19,19,R,1.0,True
489,19,19,I,1.0,True
490,19,19,A,1.0,True
491,19,19,V,1.0,True
492,19,19,H,1.0,True
493,19,19,Y,1.0,True
494,19,19,F,1.0,True
495,19,19,K,1.0,True
496,19,19,G,1.0,True
497,19,19,W,1.0,True
498,19,19,F,1.0,True
499,19,19,L,1.0,True
500,19,19,I,1.0,True
501,18,18,D,0.9473684210526315,False
502,19,19,M,1.0,True
503,19,19,V,1.0,True
504,19,19,A,1.0,True
505,18,18,A,0.9473684210526315,False
506,19,19,I,1.0,True
507,19,19,P,1.0,True
508,19,19,F,1.0,True
509,19,19,D,1.0,True
510,19,19,L,1.0,True
511,19,19,L,1.0,True
512,19,19,I,1.0,True
513,19,19,F,1.0,True
514,19,19,G,1.0,True
515,19,19,S,1.0,True
516,19,19,G,1.0,True
517,19,19,S,1.0,True
518,19,19,E,1.0,True
519,19,19,E,1.0,True
520,19,19,L,1.0,True
521,19,19,I,1.0,True
522,19,19,G,1.0,True
523,19,19,L,1.0,True
524,19,19,L,1.0,True
525,19,19,K,1.0,True
526,19,19,T,1.0,True
527,18,18,A,0.9473684210526315,False
528,19,19,R,1.0,True
529,19,19,L,1.0,True
530,19,19,L,1.0,True
531,19,19,R,1.0,True
532,19,19,L,1.0,True
533,19,19,V,1.0,True
534,19,19,R,1.0,True
535,19,19,V,1.0,True
536,19,19,A,1.0,True
537,19,19,R,1.0,True
538,19,19,K,1.0,True
539,19,19,L,1.0,True
540,19,19,D,1.0,True
541,19,19,R,1.0,True
542,19,19,Y,1.0,True
543,19,19,S,1.0,True
544,19,19,E,1.0,True
545,19,19,Y,1.0,True
546,19,19,G,1.0,True
547,19,19,A,1.0,True
548,19,19,A,1.0,True
549,19,19,V,1.0,True
550,19,19,L,1.0,True
551,19,19,F,1.0,True
552,19,19,L,1.0,True
553,19,19,L,1.0,True
554,19,19,M,1.0,True
555,19,19,C,1.0,True
556,19,19,T,1.0,True
557,19,19,F,1.0,True
558,19,19,A,1.0,True
559,19,19,L,1.0,True
560,19,19,I,1.0,True
561,19,19,A,1.0,True
562,19,19,H,1.0,True
563,19,19,W,1.0,True
564,19,19,L,1.0,True
565,19,19,A,1.0,True
566,19,19,C,1.0,True
567,19,19,I,1.0,True
568,19,19,W,1.0,True
569,19,19,Y,1.0,True
570,19,19,A,1.0,True
571,19,19,I,1.0,True
572,19,19,G,1.0,True
573,18,18,N,0.9473684210526315,False
574,19,19,M,1.0,True
575,19,19,E,1.0,True
576,19,19,Q,1.0,True
577,17,17,P,0.8947368421052632,False
578,0,0,H,0.0,False
579,19,19,M,1.0,True
580,19,19,D,1.0,True
581,19,19,S,1.0,True
582,19,19,R,1.0,True
583,19,19,I,1.0,True
584,19,19,G,1.0,True
585,19,19,W,1.0,True
586,19,19,L,1.0,True
587,19,19,H,1.0,True
588,19,19,N,1.0,True
589,19,19,L,1.0,True
590,19,19,G,1.0,True
591,19,19,D,1.0,True
592,19,19,Q,1.0,True
593,19,19,I,1.0,True
594,19,19,G,1.0,True
595,19,19,K,1.0,True
596,19,19,P,1.0,True
597,19,19,Y,1.0,True
598,19,19,N,1.0,True
599,19,19,S,1.0,True
600,19,19,S,1.0,True
601,19,19,G,1.0,True
602,19,19,L,1.0,True
603,19,19,G,1.0,True
604,19,19,G,1.0,True
605,19,19,P,1.0,True
606,19,19,S,1.0,True
607,19,19,I,1.0,True
608,19,19,K,1.0,True
609,19,19,D,1.0,True
610,19,19,K,1.0,True
611,19,19,Y,1.0,True
612,19,19,V,1.0,True
613,19,19,T,1.0,True
614,19,19,A,1.0,True
615,19,19,L,1.0,True
616,19,19,Y,1.0,True
617,19,19,F,1.0,True
618,19,19,T,1.0,True
619,19,19,F,1.0,True
620,19,19,S,1.0,True
621,19,19,S,1.0,True
622,19,19,L,1.0,True
623,19,19,T,1.0,True
624,19,19,S,1.0,True
625,19,19,V,1.0,True
626,19,19,G,1.0,True
627,19,19,F,1.0,True
628,19,19,G,1.0,True
629,19,19,N,1.0,True
630,19,19,V,1.0,True
631,19,19,S,1.0,True
632,19,19,P,1.0,True
633,19,19,N,1.0,True
634,19,19,T,1.0,True
635,19,19,N,1.0,True
636,19,19,S,1.0,True
637,19,19,E,1.0,True
638,0,0,K,0.0,False
639,0,0,I,0.0,False
640,0,0,F,0.0,False
641,0,0,S,0.0,False
642,0,0,I,0.0,False
643,0,0,C,0.0,False
644,14,14,V,0.7368421052631579,False
645,19,19,M,1.0,True
646,19,19,L,1.0,True
647,18,18,I,0.9473684210526315,False
648,18,18,G,0.9473684210526315,False
649,19,19,S,1.0,True
650,19,19,L,1.0,True
651,19,19,M,1.0,True
652,16,16,Y,0.8421052631578947,False
653,19,19,A,1.0,True
654,19,19,S,1.0,True
655,19,19,I,1.0,True
656,19,19,F,1.0,True
657,19,19,G,1.0,True
658,19,19,N,1.0,True
659,19,19,V,1.0,True
660,18,18,S,0.9473684210526315,False
661,19,19,A,1.0,True
662,19,19,I,1.0,True
663,19,19,I,1.0,True
664,19,19,Q,1.0,True
665,19,19,R,1.0,True
666,19,19,L,1.0,True
667,18,18,Y,0.9473684210526315,False
668,19,19,S,1.0,True
669,19,19,G,1.0,True
670,19,19,T,1.0,True
671,18,18,A,0.9473684210526315,False
672,19,19,R,1.0,True
673,18,18,Y,0.9473684210526315,False
674,19,19,H,1.0,True
675,19,19,T,1.0,True
676,19,19,Q,1.0,True
677,0,0,M,0.0,False
678,19,19,L,1.0,True
679,19,19,R,1.0,True
680,19,19,V,1.0,True
681,19,19,R,1.0,True
682,19,19,E,1.0,True
683,19,19,F,1.0,True
684,19,19,I,1.0,True
685,19,19,R,1.0,True
686,19,19,F,1.0,True
687,19,19,H,1.0,True
688,19,19,Q,1.0,True
689,17,17,I,0.8947368421052632,False
690,17,17,P,0.8947368421052632,False
691,19,19,N,1.0,True
692,19,19,P,1.0,True
693,19,19,L,1.0,True
694,19,19,R,1.0,True
695,19,19,Q,1.0,True
696,19,19,R,1.0,True
697,19,19,L,1.0,True
698,19,19,E,1.0,True
699,18,18,E,0.9473684210526315,False
700,19,19,Y,1.0,True
701,19,19,F,1.0,True
702,18,18,Q,0.9473684210526315,False
703,19,19,H,1.0,True
704,19,19,A,1.0,True
705,19,19,W,1.0,True
706,19,19,S,1.0,True
707,19,19,Y,1.0,True
708,19,19,T,1.0,True
709,19,19,N,1.0,True
710,0,0,G,0.0,False
711,18,18,I,0.9473684210526315,False
712,0,0,D,0.0,False
713,19,19,M,1.0,True
714,19,19,N,1.0,True
715,19,19,A,1.0,True
716,19,19,V,1.0,True
717,19,19,L,1.0,True
718,19,19,K,1.0,True
719,19,19,G,1.0,True
720,19,19,F,1.0,True
721,19,19,P,1.0,True
722,0,0,E,0.0,False
723,19,19,C,1.0,True
724,19,19,L,1.0,True
725,19,19,Q,1.0,True
726,19,19,A,1.0,True
727,19,19,D,1.0,True
728,19,19,I,1.0,True
729,19,19,C,1.0,True
730,0,0,L,0.0,False
731,19,19,H,1.0,True
732,19,19,L,1.0,True
733,19,19,N,1.0,True
734,0,0,R,0.0,False
735,19,19,S,1.0,True
736,19,19,L,1.0,True
737,19,19,L,1.0,True
738,19,19,Q,1.0,True
739,18,18,H,0.9473684210526315,False
740,19,19,C,1.0,True
741,19,19,K,1.0,True
742,19,19,P,1.0,True
743,18,18,F,0.9473684210526315,False
744,19,19,R,1.0,True
745,19,19,G,1.0,True
746,19,19,A,1.0,True
747,19,19,T,1.0,True
748,19,19,K,1.0,True
749,19,19,G,1.0,True
750,19,19,C,1.0,True
751,19,19,L,1.0,True
752,19,19,R,1.0,True
753,19,19,A,1.0,True
754,19,19,L,1.0,True
755,19,19,A,1.0,True
756,19,19,M,1.0,True
757,19,19,K,1.0,True
758,19,19,F,1.0,True
759,19,19,K,1.0,True
760,19,19,T,1.0,True
761,19,19,T,1.0,True
762,19,19,H,1.0,True
763,19,19,A,1.0,True
764,19,19,P,1.0,True
765,19,19,P,1.0,True
766,19,19,G,1.0,True
767,19,19,D,1.0,True
768,19,19,T,1.0,True
769,19,19,L,1.0,True
770,19,19,V,1.0,True
771,19,19,H,1.0,True
772,19,19,A,1.0,True
773,19,19,G,1.0,True
774,19,19,D,1.0,True
775,19,19,L,1.0,True
776,19,19,L,1.0,True
777,19,19,T,1.0,True
778,19,19,A,1.0,True
779,19,19,L,1.0,True
780,19,19,Y,1.0,True
781,18,18,F,0.9473684210526315,False
782,19,19,I,1.0,True
783,19,19,S,1.0,True
784,19,19,R,1.0,True
785,19,19,G,1.0,True
786,19,19,S,1.0,True
787,19,19,I,1.0,True
788,19,19,E,1.0,True
789,19,19,I,1.0,True
790,16,16,L,0.8421052631578947,False
791,19,19,R,1.0,True
792,19,19,G,1.0,True
793,19,19,D,1.0,True
794,19,19,V,1.0,True
795,19,19,V,1.0,True
796,19,19,V,1.0,True
797,19,19,A,1.0,True
798,19,19,I,1.0,True
799,19,19,L,1.0,True
800,19,19,G,1.0,True
801,19,19,K,1.0,True
802,19,19,N,1.0,True
803,18,18,D,0.9473684210526315,False
804,19,19,I,1.0,True
805,19,19,F,1.0,True
806,19,19,G,1.0,True
807,19,19,E,1.0,True
808,19,19,P,1.0,True
809,19,19,L,1.0,True
810,19,19,N,1.0,True
811,19,19,L,1.0,True
812,19,19,Y,1.0,True
813,19,19,A,1.0,True
814,19,19,R,1.0,True
815,19,19,P,1.0,True
816,19,19,G,1.0,True
817,19,19,K,1.0,True
818,19,19,S,1.0,True
819,19,19,N,1.0,True
820,19,19,G,1.0,True
821,19,19,D,1.0,True
822,19,19,V,1.0,True
823,19,19,R,1.0,True
824,19,19,A,1.0,True
825,19,19,L,1.0,True
826,19,19,T,1.0,True
827,19,19,Y,1.0,True
828,19,19,C,1.0,True
829,19,19,D,1.0,True
830,19,19,L,1.0,True
831,19,19,H,1.0,True
832,19,19,K,1.0,True
833,19,19,I,1.0,True
834,16,16,H,0.8421052631578947,False
835,19,19,R,1.0,True
836,19,19,D,1.0,True
837,19,19,D,1.0,True
838,19,19,L,1.0,True
839,19,19,L,1.0,True
840,19,19,E,1.0,True
841,19,19,V,1.0,True
842,19,19,L,1.0,True
843,19,19,D,1.0,True
844,19,19,M,1.0,True
845,19,19,Y,1.0,True
846,19,19,P,1.0,True
847,19,19,E,1.0,True
848,19,19,F,1.0,True
849,19,19,S,1.0,True
850,19,19,D,1.0,True
851,19,19,H,1.0,True
852,19,19,F,1.0,True
853,19,19,W,1.0,True
854,19,19,S,1.0,True
855,19,19,S,1.0,True
856,19,19,L,1.0,True
857,19,19,E,1.0,True
858,19,19,I,1.0,True
859,19,19,T,1.0,True
860,19,19,F,1.0,True
861,19,19,N,1.0,True
862,19,19,L,1.0,True
863,19,19,R,1.0,True
864,0,0,D,0.0,False
865,19,19,T,1.0,True
866,19,19,N,1.0,True
867,19,19,M,1.0,True
868,19,19,I,1.0,True
869,19,19,P,1.0,True
870,19,19,G,1.0,True
871,19,19,S,1.0,True
872,19,19,P,1.0,True
873,19,19,G,1.0,True
874,19,19,S,1.0,True
875,19,19,T,1.0,True
876,19,19,E,1.0,True
877,19,19,L,1.0,True
878,19,19,E,1.0,True
879,19,19,G,1.0,True
880,19,19,G,1.0,True
881,19,19,F,1.0,True
882,19,19,S,1.0,True
883,19,19,R,1.0,True
884,19,19,Q,1.0,True
885,19,19,R,1.0,True
886,19,19,K,1.0,True
887,19,19,R,1.0,True
888,19,19,K,1.0,True
889,19,19,L,1.0,True
890,19,19,S,1.0,True
891,19,19,F,1.0,True
892,19,19,R,1.0,True
893,19,19,R,1.0,True
894,19,19,R,1.0,True
895,19,19,T,1.0,True
896,19,19,D,1.0,True
897,19,19,K,1.0,True
898,19,19,D,1.0,True
899,19,19,T,1.0,True
900,19,19,E,1.0,True
901,19,19,Q,1.0,True
902,19,19,P,1.0,True
903,19,19,G,1.0,True
904,19,19,E,1.0,True
905,19,19,V,1.0,True
906,19,19,S,1.0,True
907,19,19,A,1.0,True
908,19,19,L,1.0,True
909,19,19,G,1.0,True
910,19,19,P,1.0,True
911,19,19,G,1.0,True
912,19,19,R,1.0,True
913,19,19,A,1.0,True
914,19,19,G,1.0,True
915,19,19,A,1.0,True
916,19,19,G,1.0,True
917,19,19,P,1.0,True
918,19,19,S,1.0,True
919,19,19,S,1.0,True
920,19,19,R,1.0,True
921,0,0,G,0.0,False
922,0,0,R,0.0,False
923,0,0,P,0.0,False
924,0,0,G,0.0,False
925,0,0,G,0.0,False
926,14,14,P,0.7368421052631579,False
927,0,0,W,0.0,False
928,18,18,G,0.9473684210526315,False
929,0,0,E,0.0,False
930,17,17,S,0.8947368421052632,False
931,18,18,P,0.9473684210526315,False
932,17,17,S,0.8947368421052632,False
933,17,17,S,0.8947368421052632,False
934,17,17,G,0.8947368421052632,False
935,18,18,P,0.9473684210526315,False
936,18,18,S,0.9473684210526315,False
937,18,18,S,0.9473684210526315,False
938,19,19,P,1.0,True
939,0,0,E,0.0,False
940,17,17,S,0.8947368421052632,False
941,0,0,S,0.0,False
942,19,19,E,1.0,True
943,19,19,D,1.0,True
944,19,19,E,1.0,True
945,19,19,G,1.0,True
946,17,17,P,0.8947368421052632,False
947,0,0,G,0.0,False
948,18,18,R,0.9473684210526315,False
949,19,19,S,1.0,True
950,18,18,S,0.9473684210526315,False
951,19,19,S,1.0,True
952,19,19,P,1.0,True
953,0,0,L,0.0,False
954,19,19,R,1.0,True
955,19,19,L,1.0,True
956,0,0,V,0.0,False
957,17,17,P,0.8947368421052632,False
958,19,19,F,1.0,True
959,19,19,S,1.0,True
960,19,19,S,1.0,True
961,19,19,P,1.0,True
962,18,18,R,0.9473684210526315,False
963,18,18,P,0.9473684210526315,False
964,18,18,P,0.9473684210526315,False
965,0,0,G,0.0,False
966,17,17,E,0.8947368421052632,False
967,18,18,P,0.9473684210526315,False
968,16,16,P,0.8421052631578947,False
969,16,16,G,0.8421052631578947,False
970,19,19,G,1.0,True
971,19,19,E,1.0,True
972,19,19,P,1.0,True
973,19,19,L,1.0,True
974,19,19,M,1.0,True
975,15,15,E,0.7894736842105263,False
976,19,19,D,1.0,True
977,0,0,C,0.0,False
978,19,19,E,1.0,True
979,19,19,K,1.0,True
980,19,19,S,1.0,True
981,16,16,S,0.8421052631578947,False
982,19,19,D,1.0,True
983,19,19,T,1.0,True
984,19,19,C,1.0,True
985,19,19,N,1.0,True
986,19,19,P,1.0,True
987,19,19,L,1.0,True
988,19,19,S,1.0,True
989,0,0,G,0.0,False
990,19,19,A,1.0,True
991,19,19,F,1.0,True
992,19,19,S,1.0,True
993,18,18,G,0.9473684210526315,False
994,19,19,V,1.0,True
995,19,19,S,1.0,True
996,19,19,N,1.0,True
997,19,19,I,1.0,True
998,19,19,F,1.0,True
999,19,19,S,1.0,True
1000,19,19,F,1.0,True
1001,0,0,W,0.0,False
1002,19,19,G,1.0,True
1003,19,19,D,1.0,True
1004,18,18,S,0.9473684210526315,False
1005,19,19,R,1.0,True
1006,19,19,G,1.0,True
1007,19,19,R,1.0,True
1008,19,19,Q,1.0,True
1009,19,19,Y,1.0,True
1010,19,19,Q,1.0,True
1011,18,18,E,0.9473684210526315,False
1012,19,19,L,1.0,True
1013,0,0,P,0.0,False
1014,19,19,R,1.0,True
1015,19,19,C,1.0,True
1016,19,19,P,1.0,True
1017,19,19,A,1.0,True
1018,19,19,P,1.0,True
1019,19,19,T,1.0,True
1020,19,19,P,1.0,True
1021,19,19,S,1.0,True
1022,19,19,L,1.0,True
1023,19,19,L,1.0,True
1024,18,18,N,0.9473684210526315,False
1025,19,19,I,1.0,True
1026,19,19,P,1.0,True
1027,17,17,L,0.8947368421052632,False
1028,15,15,S,0.7894736842105263,False
1029,19,19,S,1.0,True
1030,18,18,P,0.9473684210526315,False
1031,0,0,G,0.0,False
1032,19,19,R,1.0,True
1033,18,18,R,0.9473684210526315,False
1034,19,19,P,1.0,True
1035,19,19,R,1.0,True
1036,0,0,G,0.0,False
1037,0,0,D,0.0,False
1038,17,17,V,0.8947368421052632,False
1039,19,19,E,1.0,True
1040,18,18,S,0.9473684210526315,False
1041,19,19,R,1.0,True
1042,19,19,L,1.0,True
1043,17,17,D,0.8947368421052632,False
1044,19,19,A,1.0,True
1045,19,19,L,1.0,True
1046,19,19,Q,1.0,True
1047,15,15,R,0.7894736842105263,False
1048,18,18,Q,0.9473684210526315,False
1049,19,19,L,1.0,True
1050,19,19,N,1.0,True
1051,19,19,R,1.0,True
1052,18,18,L,0.9473684210526315,False
1053,19,19,E,1.0,True
1054,19,19,T,1.0,True
1055,19,19,R,1.0,True
1056,19,19,L,1.0,True
1057,18,18,S,0.9473684210526315,False
1058,18,18,A,0.9473684210526315,False
1059,19,19,D,1.0,True
1060,19,19,M,1.0,True
1061,18,18,A,0.9473684210526315,False
1062,19,19,T,1.0,True
1063,18,18,V,0.9473684210526315,False
1064,19,19,L,1.0,True
1065,19,19,Q,1.0,True
1066,18,18,L,0.9473684210526315,False
1067,18,18,L,0.9473684210526315,False
1068,19,19,Q,1.0,True
1069,18,18,R,0.9473684210526315,False
1070,19,19,Q,1.0,True
1071,19,19,M,1.0,True
1072,19,19,T,1.0,True
1073,19,19,L,1.0,True
1074,19,19,V,1.0,True
1075,19,19,P,1.0,True
1076,17,17,P,0.8947368421052632,False
1077,19,19,A,1.0,True
1078,19,19,Y,1.0,True
1079,19,19,S,1.0,True
1080,19,19,A,1.0,True
1081,19,19,V,1.0,True
1082,19,19,T,1.0,True
1083,19,19,T,1.0,True
1084,19,19,P,1.0,True
1085,19,19,G,1.0,True
1086,19,19,P,1.0,True
1087,19,19,G,1.0,True
1088,19,19,P,1.0,True
1089,19,19,T,1.0,True
1090,19,19,S,1.0,True
1091,19,19,T,1.0,True
1092,19,19,S,1.0,True
1093,19,19,P,1.0,True
1094,0,0,L,0.0,False
1095,16,16,L,0.8421052631578947,False
1096,19,19,P,1.0,True
1097,16,16,V,0.8421052631578947,False
1098,18,18,S,0.9473684210526315,False
1099,19,19,P,1.0,True
1100,19,19,L,1.0,True
1101,19,19,P,1.0,True
1102,19,19,T,1.0,True
1103,19,19,L,1.0,True
1104,19,19,T,1.0,True
1105,17,17,L,0.8947368421052632,False
1106,19,19,D,1.0,True
1107,19,19,S,1.0,True
1108,18,18,L,0.9473684210526315,False
1109,19,19,S,1.0,True
1110,19,19,Q,1.0,True
1111,19,19,V,1.0,True
1112,19,19,S,1.0,True
1113,19,19,Q,1.0,True
1114,19,19,F,1.0,True
1115,19,19,M,1.0,True
1116,18,18,A,0.9473684210526315,False
1117,18,18,C,0.9473684210526315,False
1118,19,19,E,1.0,True
1119,17,17,E,0.8947368421052632,False
1120,18,18,L,0.9473684210526315,False
1121,18,18,P,0.9473684210526315,False
1122,19,19,P,1.0,True
1123,19,19,G,1.0,True
1124,19,19,A,1.0,True
1125,19,19,P,1.0,True
1126,15,15,E,0.7894736842105263,False
1127,18,18,L,0.9473684210526315,False
1128,19,19,P,1.0,True
1129,19,19,Q,1.0,True
1130,0,0,E,0.0,False
1131,0,0,G,0.0,False
1132,14,14,P,0.7368421052631579,False
1133,0,0,T,0.0,False
1134,0,0,R,0.0,False
1135,0,0,R,0.0,False
1136,0,0,L,0.0,False
1137,0,0,S,0.0,False
1138,18,18,L,0.9473684210526315,False
1139,17,17,P,0.8947368421052632,False
1140,17,17,G,0.8947368421052632,False
1141,19,19,Q,1.0,True
1142,19,19,L,1.0,True
1143,19,19,G,1.0,True
1144,19,19,A,1.0,True
1145,19,19,L,1.0,True
1146,19,19,T,1.0,True
1147,19,19,S,1.0,True
1148,19,19,Q,1.0,True
1149,19,19,P,1.0,True
1150,19,19,L,1.0,True
1151,19,19,H,1.0,True
1152,19,19,R,1.0,True
1153,18,18,H,0.9473684210526315,False
1154,19,19,G,1.0,True
1155,19,19,S,1.0,True
1156,18,18,D,0.9473684210526315,False
1157,19,19,P,1.0,True
1158,19,19,G,1.0,True
1159,0,0,S,0.0,False
