feature_label,feature_group,position,wt_residue,n_variants,median_score,mean_score,q1_score,q3_score,iqr_score
PAS,domain,41,V,19,0.0,18.925197602105264,0.0,9.9440888,9.9440888
PAS,domain,42,I,19,0.0,14.73440581910526,0.0,0.0,0.0
PAS,domain,43,Y,19,0.0,9.910388797157895,0.0,0.0,0.0
PAS,domain,44,C,19,0.0,20.884879845263157,0.0,0.0,0.0
PAS,domain,45,N,19,0.0,18.75786352105263,0.0,20.02117758,20.02117758
PAS,domain,48,F,19,0.0,6.5138009684210525,0.0,0.0,0.0
PAS,domain,56,R,19,0.0,22.850732513157894,0.0,36.120260295,36.120260295
PAS,domain,51,L,19,0.0,27.48671731,0.0,61.080307805000004,61.080307805000004
PAS,domain,54,Y,19,0.0,10.868111554210525,0.0,0.0,0.0
PAS,domain,53,G,19,0.0,14.776674906842105,0.0,0.0,0.0
PAC,domain,94,V,19,0.0,34.237179779473685,0.0,67.501037875,67.501037875
PAC,domain,99,Y,19,0.0,9.270302634894739,0.0,0.0,0.0
PAC,domain,98,F,19,0.0,24.46533802263158,0.0,44.79452116,44.79452116
PAC,domain,96,I,19,0.0,29.227779608157896,0.0,62.493777565,62.493777565
PAC,domain,106,F,19,0.0,14.993591622526315,0.0,4.781153559,4.781153559
PAC,domain,102,D,19,0.0,29.333771502105265,0.0,66.32305523,66.32305523
PAC,domain,101,K,19,0.0,13.21302777894737,0.0,0.0,0.0
PAC,domain,100,R,19,0.0,27.432052302105262,0.0,53.727645075,53.727645075
PAC,domain,112,V,19,0.0,28.36539933731579,0.0,68.61799974499999,68.61799974499999
PAC,domain,114,P,19,0.0,11.941464755210525,0.0,0.0128072095,0.0128072095
Helical; Name=Segment S1,membrane,411,D,19,0.0,3.288072482842105,0.0,0.0,0.0
Helical; Name=Segment S1,membrane,410,W,19,0.0,5.919603285526316,0.0,0.0,0.0
Helical; Name=Segment S1,membrane,416,L,19,0.0,38.48737827473684,0.0,88.27813288,88.27813288
Helical; Name=Segment S1,membrane,420,Y,19,0.0,5.224337041578948,0.0,0.0,0.0
Helical; Name=Segment S1,membrane,418,V,19,0.0,22.041040291052628,0.0,31.393200565,31.393200565
Helical; Name=Segment S1,membrane,419,I,19,0.0,22.53066948473684,0.0,33.464933965,33.464933965
Helical; Name=Segment S1,membrane,414,I,19,0.0,17.320723386473684,0.0,0.0157402715,0.0157402715
Helical; Name=Segment S1,membrane,421,T,19,0.0,27.867122070526314,0.0,31.43109591,31.43109591
Helical; Name=Segment S1,membrane,422,A,19,0.0,3.9755504005263163,0.0,0.0,0.0
Helical; Name=Segment S1,membrane,423,V,19,0.0,5.380155742105263,0.0,0.0,0.0
Helical; Name=Segment S2,membrane,454,V,19,0.0,36.304684176631575,0.0,68.13780868,68.13780868
Helical; Name=Segment S2,membrane,455,V,17,0.0,36.648742989411765,0.0,62.39381293,62.39381293
Helical; Name=Segment S2,membrane,456,D,19,0.0,35.30726485157895,0.0,84.15394219000001,84.15394219000001
Helical; Name=Segment S2,membrane,466,D,19,0.0,0.8147490363157894,0.0,0.0,0.0
Helical; Name=Segment S2,membrane,463,F,19,0.0,1.9530876863157896,0.0,0.0,0.0
Helical; Name=Segment S2,membrane,469,I,19,0.0,22.05050686894737,0.0,55.802922555,55.802922555
Helical; Name=Segment S2,membrane,468,L,19,0.0,34.966202165263155,0.0,75.078511315,75.078511315
Helical; Name=Segment S2,membrane,467,I,19,0.0,22.411292917894738,0.0,28.611869115,28.611869115
Helical; Name=Segment S2,membrane,465,V,19,6.326722958,39.09033677589474,0.0,85.709573645,85.709573645
Helical; Name=Segment S2,membrane,458,I,19,9.966352717,31.511816428789476,0.0,56.841293065,56.841293065
Helical; Name=Segment S3,membrane,498,F,19,0.0,21.1380153,0.0,53.754454055,53.754454055
Helical; Name=Segment S3,membrane,501,D,18,0.0,1.2310940933333334,0.0,0.0,0.0
Helical; Name=Segment S3,membrane,507,P,19,0.0,7.459053385263158,0.0,0.0,0.0
Helical; Name=Segment S3,membrane,504,A,19,0.0,21.868817883684212,0.0,30.510126295,30.510126295
Helical; Name=Segment S3,membrane,500,I,19,43.82647094,46.91807284263158,0.0,85.02748284500001,85.02748284500001
Helical; Name=Segment S3,membrane,497,W,19,48.78126496,47.00310764315789,34.35500992,64.72031338,30.365303459999993
Helical; Name=Segment S3,membrane,496,G,19,52.66221841,54.28633818631579,12.19531624,93.100652315,80.90533607500001
Helical; Name=Segment S3,membrane,506,I,19,52.66221841,43.06285233789474,0.0,69.553638465,69.553638465
Helical; Name=Segment S3,membrane,505,A,18,59.266970845,55.048823273888885,0.0,93.5215058425,93.5215058425
Helical; Name=Segment S3,membrane,508,F,19,60.5055503,56.94445131421053,47.487110220000005,73.798912315,26.31180209499999
Helical; Voltage-sensor; Name=Segment S4,membrane,524,L,19,0.0,23.64053618368421,0.0,56.75078917,56.75078917
Helical; Voltage-sensor; Name=Segment S4,membrane,525,K,19,0.0,5.9467771398947376,0.0,0.0,0.0
Helical; Voltage-sensor; Name=Segment S4,membrane,528,R,19,0.0,25.001932365789475,0.0,46.55032616,46.55032616
Helical; Voltage-sensor; Name=Segment S4,membrane,529,L,19,0.0,27.362142634210528,0.0,64.72031338,64.72031338
Helical; Voltage-sensor; Name=Segment S4,membrane,534,R,19,0.0,29.76154017,0.0,74.11612962999999,74.11612962999999
Helical; Voltage-sensor; Name=Segment S4,membrane,532,L,19,23.27516308,44.1435756031579,0.0,93.100652315,93.100652315
Helical; Voltage-sensor; Name=Segment S4,membrane,538,K,19,48.78126496,41.30864363789474,20.360151865,54.673079494999996,34.31292763
Helical; Voltage-sensor; Name=Segment S4,membrane,526,T,19,50.72174169,53.79035257789474,0.0,105.3244368,105.3244368
Helical; Voltage-sensor; Name=Segment S4,membrane,539,L,19,50.72174169,59.34632685105264,44.057931440000004,95.33159111500001,51.273659675000005
Helical; Voltage-sensor; Name=Segment S4,membrane,523,L,19,51.9598954,50.270630414421056,32.65503343,65.323007575,32.667974145
Helical; Name=Segment S5,membrane,555,C,19,0.0,42.89319301578948,0.0,91.36311047500001,91.36311047500001
Helical; Name=Segment S5,membrane,561,A,19,0.0,13.695947074210528,0.0,28.951595505,28.951595505
Helical; Name=Segment S5,membrane,563,W,19,0.0,4.421109865263158,0.0,0.0,0.0
Helical; Name=Segment S5,membrane,562,H,19,0.0,1.2837174989473685,0.0,0.0,0.0
Helical; Name=Segment S5,membrane,560,I,19,0.0,36.84271252894737,0.0,82.46030536500001,82.46030536500001
Helical; Name=Segment S5,membrane,559,L,19,0.0,11.212061172631579,0.0,0.0,0.0
Helical; Name=Segment S5,membrane,558,A,19,0.0,52.25189493736842,0.0,106.6732825,106.6732825
Helical; Name=Segment S5,membrane,564,L,19,0.0,12.65484251368421,0.0,0.0,0.0
Helical; Name=Segment S5,membrane,567,I,19,0.0,18.465935613157896,0.0,37.50369644,37.50369644
Helical; Name=Segment S5,membrane,566,C,19,0.0,0.0,0.0,0.0,0.0
Pore-forming; Name=Segment H5,membrane,612,V,19,0.0,8.450742795263158,0.0,0.0,0.0
Pore-forming; Name=Segment H5,membrane,613,T,19,0.0,3.4063322831578944,0.0,0.0,0.0
Pore-forming; Name=Segment H5,membrane,614,A,19,0.0,2.7716957057894738,0.0,0.0,0.0
Pore-forming; Name=Segment H5,membrane,615,L,19,0.0,3.4063322831578944,0.0,0.0,0.0
Pore-forming; Name=Segment H5,membrane,616,Y,19,0.0,25.59719904,0.0,54.51985037,54.51985037
Pore-forming; Name=Segment H5,membrane,617,F,19,0.0,2.6789077942105264,0.0,0.0,0.0
Pore-forming; Name=Segment H5,membrane,618,T,19,0.0,43.62978212684211,0.0,113.6387996,113.6387996
Pore-forming; Name=Segment H5,membrane,619,F,19,0.0,37.89647142631579,0.0,71.98535382,71.98535382
Pore-forming; Name=Segment H5,membrane,620,S,19,0.0,19.413685043157894,0.0,28.36276647,28.36276647
Pore-forming; Name=Segment H5,membrane,622,L,19,0.0,6.562050824736842,0.0,0.0,0.0
Helical; Name=Segment S6,membrane,644,V,14,0.0,30.274305513714285,0.0,27.6660086675,27.6660086675
Helical; Name=Segment S6,membrane,648,G,18,0.0,6.795620254999999,0.0,0.0,0.0
Helical; Name=Segment S6,membrane,645,M,19,5.203216714,21.922689427526315,0.0,40.05413792,40.05413792
Helical; Name=Segment S6,membrane,650,L,19,5.610435582,25.18857880289474,0.0,42.554867345,42.554867345
Helical; Name=Segment S6,membrane,647,I,18,10.0157585325,35.85607789861111,0.0,85.853216215,85.853216215
Helical; Name=Segment S6,membrane,659,V,19,20.28799195,29.53926631657895,4.2936547325,43.617108945,39.323454212499996
Helical; Name=Segment S6,membrane,646,L,19,21.68386238,41.77285998589474,0.0,74.16713636,74.16713636
Helical; Name=Segment S6,membrane,651,M,19,31.67075666,44.329916558,0.0,79.079685465,79.079685465
Helical; Name=Segment S6,membrane,655,I,19,34.41159428,45.87718363889474,19.528320335,74.13978532499999,54.61146498999999
Helical; Name=Segment S6,membrane,657,G,19,41.01320372,43.478188712157895,21.21783019,68.817295265,47.599465075
Disordered 1,region,289,E,18,80.632323165,71.45139253733333,53.508878512500004,90.45156687,36.94268835749999
Disordered 1,region,272,S,18,83.476231685,85.90270307444445,74.9336416175,94.761952215,19.828310597499993
Disordered 1,region,290,A,16,84.15394219000001,94.0362561725,59.22871965,142.410598825,83.18187917499999
Disordered 1,region,299,P,19,84.39991323,79.03216975578947,62.49315498,91.05902269,28.565867710000006
Disordered 1,region,266,S,19,85.05731439,90.27201306947369,81.79013327,105.4895012,23.699367930000008
Disordered 1,region,286,D,19,85.05731439,93.66275236315789,71.67209413500001,117.722189,46.05009486499999
Disordered 1,region,236,G,19,85.89681587,93.79292600736842,62.01229212,117.72303185000001,55.710739730000014
Disordered 1,region,298,P,19,85.91914461,76.67435676947369,66.401949655,93.739732475,27.33778282
Disordered 1,region,283,S,19,85.93195321,85.73494746842105,66.08293934,105.4895012,39.40656186000001
Disordered 1,region,297,P,19,88.36301091,92.39191354526317,83.25056999,106.93310845,23.682538460000004
cNMP-binding domain,region,769,L,19,0.0,22.384704404157894,0.0,9.613417916500001,9.613417916500001
cNMP-binding domain,region,785,G,19,0.0,3.6095737292105263,0.0,7.2910253595,7.2910253595
cNMP-binding domain,region,805,F,19,0.0,16.762254581210527,0.0,10.6914306085,10.6914306085
cNMP-binding domain,region,799,L,19,0.0,9.69254498331579,0.0,8.7419641135,8.7419641135
cNMP-binding domain,region,782,I,19,0.0,15.199676337210525,0.0,7.514277584,7.514277584
cNMP-binding domain,region,787,I,19,0.0,27.443702168473685,0.0,37.08570846,37.08570846
cNMP-binding domain,region,789,I,19,0.0,8.515574901842106,0.0,1.654412738,1.654412738
cNMP-binding domain,region,806,G,19,0.0,2.128706542157895,0.0,3.6546450029999997,3.6546450029999997
cNMP-binding domain,region,818,S,19,0.0,10.282731689631579,0.0,3.154518972,3.154518972
cNMP-binding domain,region,828,C,19,0.405347172,28.44839804,0.0,72.58458591499999,72.58458591499999
Disordered 2,region,946,P,17,75.82054096,72.31970658070588,52.66860559,96.40299304,43.73438745
Disordered 2,region,935,P,18,77.5051867,75.25536309722222,59.8155195925,104.293189825,44.477670232499996
Disordered 2,region,950,S,18,88.674116345,88.598014525,70.971682205,111.62107645,40.64939424500001
Disordered 2,region,920,R,19,89.2386237,85.63981715421053,66.31386581000001,103.7623128,37.448446989999994
Disordered 2,region,945,G,19,90.57827086,98.65913178421052,71.31111866,121.39056074999999,50.079442089999986
Disordered 2,region,982,D,19,91.24099781,89.53332541473685,79.803396275,102.46669159999999,22.663295324999993
Disordered 2,region,898,D,19,91.29596377,96.57945840210526,86.61811348,106.88457635,20.266462869999998
Disordered 2,region,875,T,19,93.42205497,93.60437349473685,87.22761814500001,100.95730080000001,13.729682655000005
Disordered 2,region,957,P,17,93.68697969,88.83525408794118,53.91513507,112.4363707,58.52123563
Disordered 2,region,963,P,18,93.85093936000001,97.18611686277778,84.8115125575,113.31547175,28.503959192500005
Disordered 3,region,1026,P,19,67.29905533,60.20745902210526,32.842793889999996,89.80060159,56.957807700000004
Disordered 3,region,1024,N,18,80.34240062,73.6941037161111,24.25917355,122.484519775,98.225346225
Disordered 3,region,1021,S,19,85.46935899,75.27007231842106,62.26349209,93.51811591,31.254623820000006
Disordered 3,region,1016,P,19,92.0316218,89.00782457631578,84.918002875,96.179231645,11.261228770000002
Disordered 3,region,1029,S,19,92.14792187,102.0581380468421,69.02371635,140.62789164999998,71.60417529999998
Disordered 3,region,1028,S,15,92.17005978,92.78040375933332,69.02371635,107.6008852,38.57716884999999
Disordered 3,region,1020,P,19,93.11637729,93.5478356031579,88.425490255,98.44928411000001,10.023793855000008
Disordered 3,region,1019,T,19,96.34281614,98.19803029789473,91.29507253,100.197798,8.902725470000007
Disordered 3,region,1018,P,19,97.13922419,96.93999211894737,92.60857737,99.49020855,6.881631179999999
Disordered 3,region,1015,C,19,97.20577927,96.17981311052631,87.26716820499999,109.76064145000001,22.49347324500002
Disordered 4,region,1155,S,19,85.85127123,83.00926705368421,69.02371635,94.78243416000001,25.758717810000007
Disordered 4,region,1158,G,19,86.27964544,86.6224368136842,69.02371635,116.04099930000001,47.01728295000001
Disordered 4,region,1120,L,18,88.76148087,92.5676602788889,75.119120075,114.11615627500001,38.99703620000001
Disordered 4,region,1156,D,18,92.373291445,96.20704734444445,85.043042235,109.786027175,24.74298494
Disordered 4,region,1157,P,19,92.51930216,88.88433927315789,76.261067415,98.065943405,21.80487599
Disordered 4,region,1150,L,19,92.55021853,90.28100780842105,73.215427095,102.80082135,29.58539425500001
Disordered 4,region,1121,P,18,94.10592187,95.36613295944444,81.25775555,113.62723,32.36947445
Disordered 4,region,1127,L,18,94.237636055,95.278740225,83.9203690475,103.94894145,20.028572402500004
Disordered 4,region,1142,L,19,94.29396393,91.22021359105263,86.88242339,102.79978030000001,15.91735691000001
Disordered 4,region,1153,H,18,94.89853991000001,90.02839234055556,76.97100644999999,109.30596775000001,32.33496130000002
Cytoplasmic 1,topology,44,C,19,0.0,20.884879845263157,0.0,0.0,0.0
Cytoplasmic 1,topology,45,N,19,0.0,18.75786352105263,0.0,20.02117758,20.02117758
Cytoplasmic 1,topology,48,F,19,0.0,6.5138009684210525,0.0,0.0,0.0
Cytoplasmic 1,topology,29,F,19,0.0,5.802152398736842,0.0,0.0,0.0
Cytoplasmic 1,topology,41,V,19,0.0,18.925197602105264,0.0,9.9440888,9.9440888
Cytoplasmic 1,topology,31,I,19,0.0,18.731001386842106,0.0,15.975783785,15.975783785
Cytoplasmic 1,topology,42,I,19,0.0,14.73440581910526,0.0,0.0,0.0
Cytoplasmic 1,topology,43,Y,19,0.0,9.910388797157895,0.0,0.0,0.0
Cytoplasmic 1,topology,30,I,19,0.0,19.71477537368421,0.0,0.0,0.0
Cytoplasmic 1,topology,32,A,19,0.0,16.694279664210526,0.0,17.323286975,17.323286975
Extracellular 1,topology,426,P,19,0.0,2.776039505263158,0.0,0.0,0.0
Extracellular 1,topology,427,Y,19,0.0,6.520158889473684,0.0,0.0,0.0
Extracellular 1,topology,431,F,18,0.0,8.413974820888889,0.0,0.0,0.0
Extracellular 1,topology,430,A,17,0.0,16.27856156882353,0.0,0.0,0.0
Extracellular 1,topology,449,C,19,0.0,1.3893283956315792,0.0,0.0,0.0
Extracellular 1,topology,445,C,18,0.0,0.0,0.0,0.0,0.0
Extracellular 1,topology,447,Y,19,33.03714342,44.61341995210526,0.0,64.33458824,64.33458824
Extracellular 1,topology,425,T,19,35.34584975,42.85102253210526,0.0,84.969645815,84.969645815
Extracellular 1,topology,429,A,19,50.51352284,45.72986330105263,0.0,87.41558538,87.41558538
Extracellular 1,topology,450,Q,19,64.4622538,59.46936241542105,21.519854685,84.39608258,62.876227895
Cytoplasmic 2,topology,473,T,19,0.0,20.119657589526316,0.0,13.729305260499999,13.729305260499999
Cytoplasmic 2,topology,483,V,19,0.0,38.2882623268421,0.0,81.06367816,81.06367816
Cytoplasmic 2,topology,489,I,19,0.0,23.258135219473683,0.0,41.23015268,41.23015268
Cytoplasmic 2,topology,493,Y,19,0.0,0.0,0.0,0.0,0.0
Cytoplasmic 2,topology,490,A,19,20.24519745,31.50894477473684,0.0,64.71829147,64.71829147
Cytoplasmic 2,topology,482,V,19,37.66205889,36.55811147368421,0.0,64.72031338,64.72031338
Cytoplasmic 2,topology,494,F,19,52.66221841,55.01584841894737,0.0,107.47915726,107.47915726
Cytoplasmic 2,topology,495,K,19,61.39474544,62.08042041736843,48.78126496,81.30422128500001,32.52295632500001
Cytoplasmic 2,topology,486,P,19,64.72031338,55.33731648421053,32.036770610000005,73.992487885,41.955717275
Cytoplasmic 2,topology,492,H,19,67.35808081,63.93938028736843,48.78126496,92.063773145,43.282508185
Extracellular 2,topology,520,L,19,55.05080086,54.340590580000004,23.999325305,73.9897484,49.990423095
Extracellular 2,topology,519,E,19,119.10303,118.09978985999999,105.3244368,132.9581621,27.63372530000001
Extracellular 2,topology,518,E,19,129.4406268,124.80147200631578,110.85053275,138.77159465,27.921061899999998
Extracellular 2,topology,517,S,19,131.1993944,127.33414684578948,117.82259595,133.83716185,16.014565900000008
Cytoplasmic 3,topology,545,Y,19,64.72031338,70.96026604789473,53.02243032,88.28815236,35.26572204
Cytoplasmic 3,topology,546,G,19,68.71001984,75.19432463631578,52.66221841,97.56252992,44.90031151
Cytoplasmic 3,topology,544,E,19,71.59603662,66.15606381842105,45.432873145,90.86971351,45.436840364999995
Cytoplasmic 3,topology,542,Y,19,82.02080548,78.51260152473685,59.251336435,103.88675565,44.635419215
Cytoplasmic 3,topology,543,S,19,97.56252992,93.11651334157895,67.35808081,108.0614526,40.70337178999999
Cytoplasmic 3,topology,547,A,19,106.6405825,97.66730661894736,82.21927544,127.4099574,45.19068195999999
Extracellular 3,topology,569,Y,19,0.0,17.173956443157895,0.0,0.0,0.0
Extracellular 3,topology,570,A,19,0.0,43.89923912052632,0.0,99.50300666000001,99.50300666000001
Extracellular 3,topology,571,I,19,0.0,1.7031661415789472,0.0,0.0,0.0
Extracellular 3,topology,572,G,19,0.0,5.806051848631579,0.0,8.489123617,8.489123617
Extracellular 3,topology,575,E,19,0.0,16.558984264736843,0.0,30.02464845,30.02464845
Extracellular 3,topology,584,G,19,0.0,9.188350563368422,0.0,0.843619492,0.843619492
Extracellular 3,topology,585,W,19,0.0,8.58777719631579,0.0,12.2970925,12.2970925
Extracellular 3,topology,601,G,19,0.0,9.610559535210527,0.0,9.5023325925,9.5023325925
Extracellular 3,topology,594,G,19,0.0,12.189323764526316,0.0,14.187697295,14.187697295
Extracellular 3,topology,595,K,19,0.0,1.4934596510526315,0.0,0.0,0.0
Extracellular 4,topology,633,N,19,0.0,17.32818106763158,0.0,13.18017127,13.18017127
Extracellular 4,topology,634,T,19,0.0,0.0,0.0,0.0,0.0
Extracellular 4,topology,635,N,19,0.0,1.7360607373684211,0.0,0.0,0.0
Extracellular 4,topology,637,E,19,0.0,2.1382083072105265,0.0,0.0,0.0
Extracellular 4,topology,636,S,19,105.3244368,87.19791358447368,50.721741685,129.4406268,78.71888511499999
Cytoplasmic 4,topology,689,I,17,0.0,12.337171676,0.0,5.533088714,5.533088714
Cytoplasmic 4,topology,693,L,19,0.0,6.994986333631579,0.0,3.0900626595,3.0900626595
Cytoplasmic 4,topology,785,G,19,0.0,3.6095737292105263,0.0,7.2910253595,7.2910253595
Cytoplasmic 4,topology,782,I,19,0.0,15.199676337210525,0.0,7.514277584,7.514277584
Cytoplasmic 4,topology,806,G,19,0.0,2.128706542157895,0.0,3.6546450029999997,3.6546450029999997
Cytoplasmic 4,topology,805,F,19,0.0,16.762254581210527,0.0,10.6914306085,10.6914306085
Cytoplasmic 4,topology,769,L,19,0.0,22.384704404157894,0.0,9.613417916500001,9.613417916500001
Cytoplasmic 4,topology,799,L,19,0.0,9.69254498331579,0.0,8.7419641135,8.7419641135
Cytoplasmic 4,topology,787,I,19,0.0,27.443702168473685,0.0,37.08570846,37.08570846
Cytoplasmic 4,topology,789,I,19,0.0,8.515574901842106,0.0,1.654412738,1.654412738
