feature_label,feature_type,feature_group,start,end,feature_length,n_observed_positions,n_variants,variant_mean_score,variant_median_score,position_median_score,position_iqr,severe_loss_fraction_lt_35,reduced_fraction_lt_58,wt_like_fraction_58_153,above_wt_fraction_gt_153,mannwhitney_u_position_level,p_value_position_level,rank_biserial_effect,p_holm_position_level,significantly_different_after_holm
PAS,Domain,domain,41,70,30,30,570,43.29699423894737,6.874188993000001,1.2141721495,73.8472221225,0.5368421052631579,0.5649122807017544,0.43508771929824563,0.0,7149.0,2.070046288943853e-07,-0.5545794392523364,3.51907869120455e-06,True
PAC,Domain,domain,92,144,53,53,1003,76.58178892521734,85.06362765,89.66131133,108.0165558,0.2432701894317049,0.26719840478564305,0.7258225324027916,0.006979062811565304,29417.5,0.45825068403442615,0.060262024472437004,1.0,False
Helical; Name=Segment S1,Transmembrane,membrane,404,424,21,20,380,35.83590332741842,0.0,1.757639891,49.171774209999995,0.6157894736842106,0.6842105263157895,0.3078947368421053,0.007894736842105263,4032.0,1.48380395664169e-06,-0.6266666666666667,2.077325539298366e-05,True
Helical; Name=Segment S2,Transmembrane,membrane,451,471,21,19,356,39.32375121305899,15.564177975,9.966352717,58.273107855000006,0.5674157303370787,0.6404494382022472,0.3398876404494382,0.019662921348314606,3255.5,3.1275375672069476e-07,-0.6829933297628901,4.6913063508104215e-06,True
Helical; Name=Segment S3,Transmembrane,membrane,496,516,21,21,397,66.23159807735516,73.17189744,64.72031338,56.54317184,0.31738035264483627,0.4256926952141058,0.5717884130982368,0.0025188916876574307,10595.0,0.6102517492781574,-0.06483075157773954,1.0,False
Helical; Voltage-sensor; Name=Segment S4,Transmembrane,membrane,521,541,21,21,398,56.9439175916608,64.72031338,64.72031338,51.401227809999995,0.3241206030150754,0.4648241206030151,0.5326633165829145,0.002512562814070352,7208.0,0.004212956003590183,-0.3637848095679421,0.033703648028721465,True
Helical; Name=Segment S5,Transmembrane,membrane,548,568,21,21,399,36.527531286283214,0.0,0.0,62.93892272,0.5939849624060151,0.6791979949874687,0.3182957393483709,0.002506265664160401,4548.5,2.494168455524001e-06,-0.598525972019948,3.2424189921812015e-05,True
Pore-forming; Name=Segment H5,Intramembrane,membrane,612,632,21,21,399,22.743879472686718,0.0,0.0,0.0,0.7543859649122807,0.8320802005012531,0.16541353383458646,0.002506265664160401,2266.5,3.107810172690234e-10,-0.7999470409108963,5.7891495903546186e-09,True
Helical; Name=Segment S6,Transmembrane,membrane,639,659,21,16,294,45.69989336428232,31.677713224999998,33.04117547,41.094452667625006,0.5238095238095238,0.6224489795918368,0.3469387755102041,0.030612244897959183,4355.5,0.0006130666079267475,-0.49775138376383765,0.0055175994713407275,True
Disordered 1,Region,region,231,314,84,79,1476,100.51031319889972,103.28136140000001,105.1246381,14.275203300000001,0.025067750677506776,0.06978319783197832,0.8705962059620597,0.05962059620596206,59681.0,1.0604322575919685e-12,0.4798348603379661,2.120864515183937e-11,True
cNMP-binding domain,Region,region,742,842,101,101,1910,57.354790694659165,68.242438295,76.07891783,86.44181904899999,0.3795811518324607,0.45078534031413614,0.5460732984293194,0.0031413612565445027,34827.5,2.735783701774796e-07,-0.3096561908443096,4.377253922839674e-06,True
Disordered 2,Region,region,870,982,113,99,1836,100.65199982351035,102.67782285,102.82169738,6.568099305000004,0.026143790849673203,0.054466230936819175,0.9199346405228758,0.02559912854030501,76370.5,5.290174927228177e-19,0.5412970867516322,1.1109367347179172e-17,True
Disordered 3,Region,region,1015,1038,24,21,388,95.28375493180411,96.33204803999999,99.8295343,11.365514719999993,0.05670103092783505,0.09536082474226804,0.865979381443299,0.03865979381443299,14654.0,0.020982639523731493,0.29343748620857046,0.14687847666612044,False
Disordered 4,Region,region,1119,1159,41,33,606,97.81066056391583,99.38464232999999,99.14989486,8.870612170000001,0.0165016501650165,0.04785478547854786,0.9273927392739274,0.024752475247524754,24086.0,0.0003063971304799352,0.36809519752350117,0.003063971304799352,True
Cytoplasmic 1,Topological domain,topology,1,403,403,394,7428,84.62911443284978,90.45156687,93.48674790000001,28.945520900000005,0.15764674205708132,0.2026117393645665,0.7719439956919764,0.02544426494345719,170850.5,3.0469208370287465e-10,0.22841561093455653,5.7891495903546186e-09,True
Extracellular 1,Topological domain,topology,425,450,26,26,487,66.73311593492812,69.52591612,83.36340084,58.659614319999996,0.3531827515400411,0.4271047227926078,0.4948665297741273,0.07802874743326489,11981.5,0.2154975923291086,-0.14184930525712647,1.0,False
Cytoplasmic 2,Topological domain,topology,472,495,24,20,380,68.8214730552579,79.59458757,79.39354482499999,67.52970792,0.2736842105263158,0.35789473684210527,0.6421052631578947,0.0,10207.5,0.6737099727346489,-0.05486111111111114,1.0,False
Extracellular 2,Topological domain,topology,517,520,4,4,76,106.14399982302632,118.67621865000001,124.2718284,26.790345984999973,0.07894736842105263,0.13157894736842105,0.8157894736842105,0.05263157894736842,,,,,False
Cytoplasmic 3,Topological domain,topology,542,547,6,6,114,80.26784599798246,82.00725479,76.80842105,24.24557477500001,0.08771929824561403,0.24561403508771928,0.7543859649122807,0.0,3095.5,0.8103437927034841,-0.056825106642291234,1.0,False
Extracellular 3,Topological domain,topology,569,611,43,42,795,41.787315611077986,11.07984684,0.0,76.47565713249999,0.5911949685534591,0.6842767295597484,0.30440251572327043,0.011320754716981131,13231.0,8.338765365371956e-06,-0.4044918534521559,0.00010006518438446347,True
Extracellular 4,Topological domain,topology,633,638,6,5,95,21.680072739336843,0.0,0.0,0.0,0.7684210526315789,0.8526315789473684,0.14736842105263157,0.0,1188.5,0.028697936709466517,-0.5658447488584475,0.1721876202567991,False
Cytoplasmic 4,Topological domain,topology,660,1159,500,464,8685,80.31065857986505,91.29596377,94.480335185,26.9030748175,0.17501439263097293,0.2347725964306275,0.7495682210708118,0.01565918249856074,166534.0,0.0002596677516763123,0.12864617219692032,0.002856345268439435,True
