uniprot_accession,gene,feature_type,feature_group,description,start,end,length,start_modifier,end_modifier,feature_id,evidence_codes,source,feature_label
Q12809,KCNH2,Domain,domain,PAS,41,70,30,EXACT,EXACT,,ECO:0000255,UniProtKB,PAS
Q12809,KCNH2,Domain,domain,PAC,92,144,53,EXACT,EXACT,,ECO:0000255,UniProtKB,PAC
Q12809,KCNH2,Transmembrane,membrane,Helical; Name=Segment S1,404,424,21,EXACT,EXACT,,ECO:0000255,UniProtKB,Helical; Name=Segment S1
Q12809,KCNH2,Transmembrane,membrane,Helical; Name=Segment S2,451,471,21,EXACT,EXACT,,ECO:0000255,UniProtKB,Helical; Name=Segment S2
Q12809,KCNH2,Transmembrane,membrane,Helical; Name=Segment S3,496,516,21,EXACT,EXACT,,ECO:0000255,UniProtKB,Helical; Name=Segment S3
Q12809,KCNH2,Transmembrane,membrane,Helical; Voltage-sensor; Name=Segment S4,521,541,21,EXACT,EXACT,,ECO:0000255,UniProtKB,Helical; Voltage-sensor; Name=Segment S4
Q12809,KCNH2,Transmembrane,membrane,Helical; Name=Segment S5,548,568,21,EXACT,EXACT,,ECO:0000255,UniProtKB,Helical; Name=Segment S5
Q12809,KCNH2,Intramembrane,membrane,Pore-forming; Name=Segment H5,612,632,21,EXACT,EXACT,,ECO:0000255,UniProtKB,Pore-forming; Name=Segment H5
Q12809,KCNH2,Transmembrane,membrane,Helical; Name=Segment S6,639,659,21,EXACT,EXACT,,ECO:0000255,UniProtKB,Helical; Name=Segment S6
Q12809,KCNH2,Motif,motif,Selectivity filter,624,629,6,EXACT,EXACT,,ECO:0000250,UniProtKB,Selectivity filter
Q12809,KCNH2,Region,region,Disordered,231,314,84,EXACT,EXACT,,ECO:0000256,UniProtKB,Disordered 1
Q12809,KCNH2,Region,region,cNMP-binding domain,742,842,101,EXACT,EXACT,,ECO:0000255,UniProtKB,cNMP-binding domain
Q12809,KCNH2,Region,region,Disordered,870,982,113,EXACT,EXACT,,ECO:0000256,UniProtKB,Disordered 2
Q12809,KCNH2,Region,region,Disordered,1015,1038,24,EXACT,EXACT,,ECO:0000256,UniProtKB,Disordered 3
Q12809,KCNH2,Region,region,Disordered,1119,1159,41,EXACT,EXACT,,ECO:0000256,UniProtKB,Disordered 4
Q12809,KCNH2,Coiled coil,structure,,1035,1062,28,EXACT,EXACT,,ECO:0000255,UniProtKB,Coiled coil
Q12809,KCNH2,Topological domain,topology,Cytoplasmic,1,403,403,EXACT,EXACT,,ECO:0000255,UniProtKB,Cytoplasmic 1
Q12809,KCNH2,Topological domain,topology,Extracellular,425,450,26,EXACT,EXACT,,ECO:0000255,UniProtKB,Extracellular 1
Q12809,KCNH2,Topological domain,topology,Cytoplasmic,472,495,24,EXACT,EXACT,,ECO:0000255,UniProtKB,Cytoplasmic 2
Q12809,KCNH2,Topological domain,topology,Extracellular,517,520,4,EXACT,EXACT,,ECO:0000255,UniProtKB,Extracellular 2
Q12809,KCNH2,Topological domain,topology,Cytoplasmic,542,547,6,EXACT,EXACT,,ECO:0000255,UniProtKB,Cytoplasmic 3
Q12809,KCNH2,Topological domain,topology,Extracellular,569,611,43,EXACT,EXACT,,ECO:0000255,UniProtKB,Extracellular 3
Q12809,KCNH2,Topological domain,topology,Extracellular,633,638,6,EXACT,EXACT,,ECO:0000255,UniProtKB,Extracellular 4
Q12809,KCNH2,Topological domain,topology,Cytoplasmic,660,1159,500,EXACT,EXACT,,ECO:0000255,UniProtKB,Cytoplasmic 4
